repeat,ansatz,backend,qubits,depth,n_expval,last_expval,func_time,circuit_time,wall_time,n_nodes,n_cpus,n_gpus
1,qmoa_complete_ST_evolution_HS,qiskit.aer,12,1,100,-31.513768434524536,1405.106390953064,1404.867393732071,1407.965919252,1,16,0
1,qmoa_complete_ST_evolution_HS,qiskit.aer,12,2,100,-28.937053680419922,2803.7127747535706,2803.475224018097,2806.134995556,1,16,0
1,qmoa_complete_ST_evolution_HS,qiskit.aer,12,4,100,-24.41137731075287,5705.993626832962,5705.755322217941,5708.758195549,1,16,0
1,qmoa_complete_ST_evolution_HS,qiskit.aer,12,8,100,-14.926013350486755,11722.510699987411,11722.272793531418,11726.051606659,1,16,0
