repeat,ansatz,backend,qubits,depth,n_expval,last_expval,func_time,circuit_time,wall_time,n_nodes,n_cpus,n_gpus
1,qmoa_complete_ST_evolution_HS,qiskit.aer,12,1,100,-36.28918528556824,1250.0793828964233,1249.8663983345032,1253.368785232,1,32,0
1,qmoa_complete_ST_evolution_HS,qiskit.aer,12,2,100,-25.571128726005554,2497.6560542583466,2497.4452533721924,2501.929244512,1,32,0
1,qmoa_complete_ST_evolution_HS,qiskit.aer,12,4,100,-28.112301230430603,5187.078702926636,5186.866539955139,5189.569417463,1,32,0
1,qmoa_complete_ST_evolution_HS,qiskit.aer,12,8,100,-14.943593740463257,10871.66892027855,10871.451494932175,10875.011989463,1,32,0
1,qmoa_complete_ST_evolution_HS,qiskit.aer,12,16,100,-15.400102734565735,22410.310566663742,22410.060041427612,22415.435005368,1,32,0
