repeat,ansatz,backend,qubits,depth,n_expval,last_expval,func_time,circuit_time,wall_time,n_nodes,n_cpus,n_gpus
1,qmoa_complete_ST_evolution_HS,qiskit.aer,12,1,100,-25.76822340488434,1433.271934747696,1433.046050786972,1436.945150977,1,128,0
1,qmoa_complete_ST_evolution_HS,qiskit.aer,12,2,100,-23.610007762908936,2765.616789340973,2765.400102853775,2769.396062426,1,128,0
1,qmoa_complete_ST_evolution_HS,qiskit.aer,12,4,100,-27.876335382461548,5665.129830121994,5664.911724328995,5692.639560865,1,128,0
1,qmoa_complete_ST_evolution_HS,qiskit.aer,12,8,100,-14.246955513954163,11593.493398666382,11593.271517515182,11676.928917785,1,128,0
