repeat,ansatz,backend,qubits,depth,n_expval,last_expval,func_time,circuit_time,wall_time,n_nodes,n_cpus,n_gpus
1,qmoa_complete_ST_evolution_QFT,qiskit.aer,12,1,100,-30.73921799659729,1621.3253393173218,1621.256919145584,1624.250016257,1,16,0
1,qmoa_complete_ST_evolution_QFT,qiskit.aer,12,2,100,-23.86455237865448,3245.86927652359,3245.8044114112854,3249.308197699,1,16,0
1,qmoa_complete_ST_evolution_QFT,qiskit.aer,12,4,100,-24.493125081062317,6691.022566318512,6690.956225633621,6694.326649734,1,16,0
1,qmoa_complete_ST_evolution_QFT,qiskit.aer,12,8,100,-12.87219226360321,13747.915746450424,13747.847424983978,13754.531785978,1,16,0
