repeat,ansatz,backend,qubits,depth,n_expval,last_expval,func_time,circuit_time,wall_time,n_nodes,n_cpus,n_gpus
1,qmoa_complete_ST_evolution_HS,qiskit.aer,12,1,100,-30.19735813140869,1466.606109380722,1466.3695769309998,1469.474779391,1,2,0
1,qmoa_complete_ST_evolution_HS,qiskit.aer,12,2,100,-26.145663857460022,2980.5162374973297,2980.277424812317,2983.117137688,1,2,0
1,qmoa_complete_ST_evolution_HS,qiskit.aer,12,4,100,-24.366292357444763,6074.630685806274,6074.389697313309,6077.808344764,1,2,0
1,qmoa_complete_ST_evolution_HS,qiskit.aer,12,8,100,-14.557069540023804,12590.28930091858,12590.047689437866,12595.545158379,1,2,0
