repeat,ansatz,backend,qubits,depth,n_expval,last_expval,func_time,circuit_time,wall_time,n_nodes,n_cpus,n_gpus
1,qmoa_complete_ST_evolution_HS,qiskit.aer,12,1,100,-28.837859630584717,1493.1308438777924,1492.8884634971619,1496.026745466,1,1,0
1,qmoa_complete_ST_evolution_HS,qiskit.aer,12,2,100,-24.658504128456116,3003.8192143440247,3003.5752313137054,3006.415984087,1,1,0
1,qmoa_complete_ST_evolution_HS,qiskit.aer,12,4,100,-24.474135041236877,6183.088276386261,6182.843638658524,6186.164055826,1,1,0
1,qmoa_complete_ST_evolution_HS,qiskit.aer,12,8,100,-12.49416470527649,12429.40960264206,12429.166905641556,12434.328701908,1,1,0
