repeat,ansatz,backend,qubits,depth,n_expval,last_expval,func_time,circuit_time,wall_time,n_nodes,n_cpus,n_gpus
3,qmoa_complete_ST_evolution_QFT,lightning.qubit,4,1,100,-4.00818196693727,0.8299758434295654,0.7618184089660645,15.957890123,1,1,0
3,qmoa_complete_ST_evolution_QFT,lightning.qubit,4,2,100,-8.370411480956985,1.469433307647705,1.4064271450042725,4.926230283,1,1,0
3,qmoa_complete_ST_evolution_QFT,lightning.qubit,4,4,100,1.7574779833735446,2.7034027576446533,2.646796941757202,5.213332183,1,1,0
3,qmoa_complete_ST_evolution_QFT,lightning.qubit,4,8,100,4.055398528799088,5.17081618309021,5.112054347991943,7.777750303,1,1,0
3,qmoa_complete_ST_evolution_QFT,lightning.qubit,4,16,100,-9.41990652608687,10.157196044921875,10.093836307525635,11.499449323,1,1,0
3,qmoa_complete_ST_evolution_QFT,lightning.qubit,20,32,100,28.715770253959644,1610.455046415329,1610.3373742103577,1614.367856518,1,1,0
3,qmoa_complete_ST_evolution_QFT,lightning.qubit,24,1,100,-18.451733475968368,4948.450965642929,4948.368928909302,4951.703438930,1,1,0
3,qmoa_complete_ST_evolution_QFT,lightning.qubit,24,2,100,-14.12463257739526,7968.2752161026,7968.192351579666,7970.149139228,1,1,0
3,qmoa_complete_ST_evolution_QFT,lightning.qubit,24,4,100,-40.58617538077759,13717.548509120941,13717.469220399857,13719.399483874,1,1,0
