repeat,ansatz,backend,qubits,depth,n_expval,last_expval,func_time,circuit_time,wall_time,n_nodes,n_cpus,n_gpus
2,grovers_search,lightning.kokkos,2,1,100,1.0,0.10620427131652832,0.10610699653625488,1.654833760,1,1,0
2,grovers_search,lightning.kokkos,2,2,100,0.2499999999999999,0.1474170684814453,0.14732027053833008,1.727104839,1,1,0
2,grovers_search,lightning.kokkos,2,4,100,0.9999999999999976,0.22002935409545898,0.21993255615234375,1.820791909,1,1,0
2,grovers_search,lightning.kokkos,2,8,100,0.24999999999999856,0.36435556411743164,0.36425018310546875,1.940339073,1,1,0
2,grovers_search,lightning.kokkos,2,16,100,0.9999999999999869,0.6565783023834229,0.6564676761627197,2.280171899,1,1,0
2,grovers_search,lightning.kokkos,2,32,100,0.24999999999999323,1.2602956295013428,1.2601754665374756,2.941773429,1,1,0
