repeat,ansatz,backend,qubits,depth,n_expval,last_expval,func_time,circuit_time,wall_time,n_nodes,n_cpus,n_gpus
2,grovers_search,lightning.kokkos,2,1,100,1.0,0.10357451438903809,0.10349011421203613,5.463029355,1,64,0
2,grovers_search,lightning.kokkos,2,2,100,0.2499999999999999,0.13330841064453125,0.1332385540008545,2.277313781,1,64,0
2,grovers_search,lightning.kokkos,2,4,100,0.9999999999999976,0.1973133087158203,0.19723224639892578,2.305036331,1,64,0
2,grovers_search,lightning.kokkos,2,8,100,0.24999999999999856,0.3229954242706299,0.32291436195373535,2.455301308,1,64,0
2,grovers_search,lightning.kokkos,2,16,100,0.9999999999999869,0.590670108795166,0.590592622756958,2.236838013,1,64,0
2,grovers_search,lightning.kokkos,2,32,100,0.24999999999999323,1.1186065673828125,1.1185147762298584,2.245199049,1,64,0
