repeat,ansatz,backend,qubits,depth,n_expval,last_expval,func_time,circuit_time,wall_time,n_nodes,n_cpus,n_gpus
2,grovers_search,lightning.qubit,2,1,100,0.9999999999999991,0.11000847816467285,0.10978341102600098,4.212314626,1,128,0
2,grovers_search,lightning.qubit,2,2,100,0.24999999999999967,0.13827276229858398,0.13805341720581055,1.960430204,1,128,0
2,grovers_search,lightning.qubit,2,4,100,0.9999999999999962,0.2038135528564453,0.20359563827514648,1.953265018,1,128,0
2,grovers_search,lightning.qubit,2,8,100,0.24999999999999833,0.32317209243774414,0.3230109214782715,1.999337712,1,128,0
2,grovers_search,lightning.qubit,2,16,100,0.9999999999999856,0.5735387802124023,0.5733153820037842,2.077803848,1,128,0
2,grovers_search,lightning.qubit,2,32,100,0.249999999999993,1.122079849243164,1.1218466758728027,2.286995620,1,128,0
