repeat,ansatz,backend,qubits,depth,n_expval,last_expval,func_time,circuit_time,wall_time,n_nodes,n_cpus,n_gpus
2,grovers_search,lightning.kokkos,2,1,100,1.0,0.10480928421020508,0.10472798347473145,3.964080004,1,32,0
2,grovers_search,lightning.kokkos,2,2,100,0.2499999999999999,0.13362979888916016,0.13354778289794922,1.634006440,1,32,0
2,grovers_search,lightning.kokkos,2,4,100,0.9999999999999976,0.19953417778015137,0.19945049285888672,1.497280651,1,32,0
2,grovers_search,lightning.kokkos,2,8,100,0.24999999999999856,0.32554197311401367,0.32546424865722656,1.406116983,1,32,0
2,grovers_search,lightning.kokkos,2,16,100,0.9999999999999869,0.6215023994445801,0.621424674987793,1.841833781,1,32,0
2,grovers_search,lightning.kokkos,2,32,100,0.24999999999999323,1.108616828918457,1.1085288524627686,2.149993625,1,32,0
