repeat,ansatz,backend,qubits,depth,n_expval,last_expval,func_time,circuit_time,wall_time,n_nodes,n_cpus,n_gpus
3,grovers_search,lightning.kokkos,2,1,100,1.0,0.10338687896728516,0.10331296920776367,4.185105025,1,128,0
3,grovers_search,lightning.kokkos,2,2,100,0.2499999999999999,0.13259649276733398,0.13251709938049316,1.818812736,1,128,0
3,grovers_search,lightning.kokkos,2,4,100,0.9999999999999976,0.19642305374145508,0.19635272026062012,1.859565299,1,128,0
3,grovers_search,lightning.kokkos,2,8,100,0.24999999999999856,0.33083176612854004,0.3307490348815918,2.009062451,1,128,0
3,grovers_search,lightning.kokkos,2,16,100,0.9999999999999869,0.5799906253814697,0.5799102783203125,1.993192036,1,128,0
3,grovers_search,lightning.kokkos,2,32,100,0.24999999999999323,1.1050405502319336,1.104954481124878,2.137068113,1,128,0
