repeat,ansatz,backend,qubits,depth,n_expval,last_expval,func_time,circuit_time,wall_time,n_nodes,n_cpus,n_gpus
3,grovers_search,lightning.qubit,2,1,100,0.9999999999999991,0.11200451850891113,0.1119227409362793,1.480225675,1,1,0
3,grovers_search,lightning.qubit,2,2,100,0.24999999999999967,0.14982295036315918,0.1497352123260498,1.306919157,1,1,0
3,grovers_search,lightning.qubit,2,4,100,0.9999999999999962,0.22439908981323242,0.22430992126464844,1.362596362,1,1,0
3,grovers_search,lightning.qubit,2,8,100,0.24999999999999833,0.3700556755065918,0.3699641227722168,1.568025664,1,1,0
3,grovers_search,lightning.qubit,2,16,100,0.9999999999999856,0.6438477039337158,0.6437418460845947,1.924489684,1,1,0
3,grovers_search,lightning.qubit,2,32,100,0.249999999999993,1.231607437133789,1.2314953804016113,2.512730863,1,1,0
