repeat,ansatz,backend,qubits,depth,n_expval,last_expval,func_time,circuit_time,wall_time,n_nodes,n_cpus,n_gpus
3,grovers_search,lightning.kokkos,2,1,100,1.0,0.10465574264526367,0.10457539558410645,1.561909326,1,16,0
3,grovers_search,lightning.kokkos,2,2,100,0.2499999999999999,0.14470887184143066,0.14462542533874512,1.336814935,1,16,0
3,grovers_search,lightning.kokkos,2,4,100,0.9999999999999976,0.21025848388671875,0.21017980575561523,1.359351644,1,16,0
3,grovers_search,lightning.kokkos,2,8,100,0.24999999999999856,0.3458211421966553,0.34574055671691895,1.537106856,1,16,0
3,grovers_search,lightning.kokkos,2,16,100,0.9999999999999869,0.6391949653625488,0.6391069889068604,1.766732669,1,16,0
3,grovers_search,lightning.kokkos,2,32,100,0.24999999999999323,1.2198572158813477,1.2197506427764893,2.296292837,1,16,0
