repeat,ansatz,backend,qubits,depth,n_expval,last_expval,func_time,circuit_time,wall_time,n_nodes,n_cpus,n_gpus
3,grovers_search,lightning.kokkos,2,1,100,1.0,0.09929132461547852,0.09920835494995117,1.317604722,1,32,0
3,grovers_search,lightning.kokkos,2,2,100,0.2499999999999999,0.13846063613891602,0.13838815689086914,1.308629300,1,32,0
3,grovers_search,lightning.kokkos,2,4,100,0.9999999999999976,0.20731806755065918,0.207244873046875,1.301737824,1,32,0
3,grovers_search,lightning.kokkos,2,8,100,0.24999999999999856,0.34418821334838867,0.3441023826599121,1.557254705,1,32,0
3,grovers_search,lightning.kokkos,2,16,100,0.9999999999999869,0.6287543773651123,0.6286623477935791,1.877606062,1,32,0
3,grovers_search,lightning.kokkos,2,32,100,0.24999999999999323,1.1873600482940674,1.187263011932373,2.269881452,1,32,0
