repeat,ansatz,backend,qubits,depth,n_expval,last_expval,func_time,circuit_time,wall_time,n_nodes,n_cpus,n_gpus
3,grovers_search,lightning.kokkos,2,1,100,1.0,0.10066461563110352,0.1005702018737793,1.173763204,1,1,0
3,grovers_search,lightning.kokkos,2,2,100,0.2499999999999999,0.1330263614654541,0.13292360305786133,1.158425682,1,1,0
3,grovers_search,lightning.kokkos,2,4,100,0.9999999999999976,0.19614434242248535,0.19605231285095215,1.311730750,1,1,0
3,grovers_search,lightning.kokkos,2,8,100,0.24999999999999856,0.3266925811767578,0.32660388946533203,1.345710943,1,1,0
3,grovers_search,lightning.kokkos,2,16,100,0.9999999999999869,0.6419134140014648,0.6418061256408691,1.694246665,1,1,0
3,grovers_search,lightning.kokkos,2,32,100,0.24999999999999323,1.1387057304382324,1.1386079788208008,2.130469784,1,1,0
