repeat,ansatz,backend,qubits,depth,n_expval,last_expval,func_time,circuit_time,wall_time,n_nodes,n_cpus,n_gpus
3,grovers_search,lightning.qubit,2,1,100,0.9999999999999991,0.10892057418823242,0.10869145393371582,4.258249564,1,128,0
3,grovers_search,lightning.qubit,2,2,100,0.24999999999999967,0.13410520553588867,0.13387250900268555,1.929596653,1,128,0
3,grovers_search,lightning.qubit,2,4,100,0.9999999999999962,0.20114707946777344,0.20092272758483887,1.910960499,1,128,0
3,grovers_search,lightning.qubit,2,8,100,0.24999999999999833,0.32298827171325684,0.3227653503417969,2.034656265,1,128,0
3,grovers_search,lightning.qubit,2,16,100,0.9999999999999856,0.5778982639312744,0.5776708126068115,2.172678530,1,128,0
3,grovers_search,lightning.qubit,2,32,100,0.249999999999993,1.0974037647247314,1.0972113609313965,2.224794464,1,128,0
