repeat,ansatz,backend,qubits,depth,n_expval,last_expval,func_time,circuit_time,wall_time,n_nodes,n_cpus,n_gpus
3,grovers_search,lightning.qubit,2,1,100,0.9999999999999991,0.12230110168457031,0.1220393180847168,4.581101841,1,64,0
3,grovers_search,lightning.qubit,2,2,100,0.24999999999999967,0.1539137363433838,0.15372633934020996,2.082670036,1,64,0
3,grovers_search,lightning.qubit,2,4,100,0.9999999999999962,0.2275843620300293,0.2273540496826172,2.132547834,1,64,0
3,grovers_search,lightning.qubit,2,8,100,0.24999999999999833,0.36269497871398926,0.3625829219818115,2.234235974,1,64,0
3,grovers_search,lightning.qubit,2,16,100,0.9999999999999856,0.6569936275482178,0.6568808555603027,2.398798545,1,64,0
3,grovers_search,lightning.qubit,2,32,100,0.249999999999993,1.2462289333343506,1.2461330890655518,2.374717044,1,64,0
