repeat,ansatz,backend,qubits,depth,n_expval,last_expval,func_time,circuit_time,wall_time,n_nodes,n_cpus,n_gpus
3,grovers_search,lightning.kokkos,2,1,100,1.0,0.10542154312133789,0.10534119606018066,5.902147947,1,32,0
3,grovers_search,lightning.kokkos,2,2,100,0.2499999999999999,0.1295766830444336,0.1295003890991211,2.132093924,1,32,0
3,grovers_search,lightning.kokkos,2,4,100,0.9999999999999976,0.1986527442932129,0.19857263565063477,2.149882554,1,32,0
3,grovers_search,lightning.kokkos,2,8,100,0.24999999999999856,0.3253042697906494,0.32522034645080566,2.317382835,1,32,0
3,grovers_search,lightning.kokkos,2,16,100,0.9999999999999869,0.5885896682739258,0.5885086059570312,2.226920181,1,32,0
3,grovers_search,lightning.kokkos,2,32,100,0.24999999999999323,1.1008307933807373,1.100743055343628,2.214847604,1,32,0
