repeat,ansatz,backend,qubits,depth,n_expval,last_expval,func_time,circuit_time,wall_time,n_nodes,n_cpus,n_gpus
2,qmoa_complete_ST_evolution_QFT,lightning.qubit,20,32,100,17.231654089865504,1136.104073524475,1136.024480342865,1137.332601064,1,1,0
2,qmoa_complete_ST_evolution_QFT,lightning.qubit,24,1,100,-21.336499902303377,1720.317202091217,1720.24707198143,1723.605621425,1,1,0
2,qmoa_complete_ST_evolution_QFT,lightning.qubit,24,2,100,-47.235417359418754,2756.880422592163,2756.8118674755096,2758.274072191,1,1,0
2,qmoa_complete_ST_evolution_QFT,lightning.qubit,24,4,100,1.0030287105525098,4880.973607540131,4880.902007818222,4882.160224166,1,1,0
2,qmoa_complete_ST_evolution_QFT,lightning.qubit,24,8,100,11.842090727984615,9085.0954580307,9085.022255182266,9086.296115653,1,1,0
2,qmoa_complete_ST_evolution_QFT,lightning.qubit,24,16,100,-18.13100482604276,17784.4977080822,17784.42304134369,17785.655837395,1,1,0
