repeat,ansatz,backend,qubits,depth,n_expval,last_expval,func_time,circuit_time,wall_time,n_nodes,n_cpus,n_gpus
1,grovers_search,lightning.qubit,2,1,100,0.9999999999999991,0.10927104949951172,0.10904741287231445,4.816786551,1,128,0
1,grovers_search,lightning.qubit,2,2,100,0.24999999999999967,0.1355140209197998,0.1352977752685547,1.888583812,1,128,0
1,grovers_search,lightning.qubit,2,4,100,0.9999999999999962,0.20313072204589844,0.20290708541870117,1.932832776,1,128,0
1,grovers_search,lightning.qubit,2,8,100,0.2499999999999984,0.32634949684143066,0.326129674911499,2.074326927,1,128,0
1,grovers_search,lightning.qubit,2,16,100,0.9999999999999858,0.5829918384552002,0.5827724933624268,44.243527694,1,128,0
1,grovers_search,lightning.qubit,2,32,100,0.24999999999999312,1.1126964092254639,1.1124608516693115,2.609517123,1,128,0
