repeat,ansatz,backend,qubits,depth,n_expval,last_expval,func_time,circuit_time,wall_time,n_nodes,n_cpus,n_gpus
1,grovers_search,lightning.kokkos,2,1,100,1.0,0.10184001922607422,0.1017613410949707,4.614463858,1,64,0
1,grovers_search,lightning.kokkos,2,2,100,0.2499999999999999,0.1295180320739746,0.12944459915161133,1.892541963,1,64,0
1,grovers_search,lightning.kokkos,2,4,100,0.9999999999999976,0.19555354118347168,0.19546914100646973,1.964260014,1,64,0
1,grovers_search,lightning.kokkos,2,8,100,0.2499999999999985,0.32576823234558105,0.32569003105163574,2.106803829,1,64,0
1,grovers_search,lightning.kokkos,2,16,100,0.9999999999999869,0.5724508762359619,0.5723681449890137,2.058418662,1,64,0
1,grovers_search,lightning.kokkos,2,32,100,0.24999999999999317,1.1000394821166992,1.0999488830566406,2.223940916,1,64,0
