repeat,ansatz,backend,qubits,depth,n_expval,last_expval,func_time,circuit_time,wall_time,n_nodes,n_cpus,n_gpus
1,grovers_search,lightning.kokkos,2,1,100,1.0,0.11304998397827148,0.1129448413848877,1.688264511,1,1,0
1,grovers_search,lightning.kokkos,2,2,100,0.2499999999999999,0.1475670337677002,0.1474623680114746,1.688151362,1,1,0
1,grovers_search,lightning.kokkos,2,4,100,0.9999999999999976,0.2204289436340332,0.22032999992370605,1.808094899,1,1,0
1,grovers_search,lightning.kokkos,2,8,100,0.2499999999999985,0.36083340644836426,0.36072826385498047,2.004201775,1,1,0
1,grovers_search,lightning.kokkos,2,16,100,0.9999999999999869,0.6553938388824463,0.6552817821502686,2.210860926,1,1,0
1,grovers_search,lightning.kokkos,2,32,100,0.24999999999999317,1.249368667602539,1.2492523193359375,2.803856081,1,1,0
