repeat,ansatz,backend,qubits,depth,n_expval,last_expval,func_time,circuit_time,wall_time,n_nodes,n_cpus,n_gpus
1,grovers_search,lightning.kokkos,2,1,100,1.0,0.10026359558105469,0.1001887321472168,1.217472189,1,32,0
1,grovers_search,lightning.kokkos,2,2,100,0.2499999999999999,0.12818169593811035,0.12810826301574707,1.256313105,1,32,0
1,grovers_search,lightning.kokkos,2,4,100,0.9999999999999976,0.19782662391662598,0.19774436950683594,1.279413759,1,32,0
1,grovers_search,lightning.kokkos,2,8,100,0.2499999999999985,0.32082653045654297,0.3207509517669678,1.445666280,1,32,0
1,grovers_search,lightning.kokkos,2,16,100,0.9999999999999869,0.5722744464874268,0.5721950531005859,1.712707309,1,32,0
1,grovers_search,lightning.kokkos,2,32,100,0.24999999999999317,1.1114068031311035,1.1113228797912598,2.262573394,1,32,0
