repeat,ansatz,backend,qubits,depth,n_expval,last_expval,func_time,circuit_time,wall_time,n_nodes,n_cpus,n_gpus
2,grovers_search,lightning.qubit,2,1,100,0.9999999999999991,0.09772443771362305,0.09762740135192871,1.280054489,1,32,0
2,grovers_search,lightning.qubit,2,2,100,0.24999999999999967,0.13262104988098145,0.13254785537719727,1.256782755,1,32,0
2,grovers_search,lightning.qubit,2,4,100,0.9999999999999962,0.1978316307067871,0.19771409034729004,1.354351699,1,32,0
2,grovers_search,lightning.qubit,2,8,100,0.24999999999999833,0.3279407024383545,0.3278200626373291,1.468832907,1,32,0
2,grovers_search,lightning.qubit,2,16,100,0.9999999999999856,0.57454514503479,0.5744636058807373,1.707119137,1,32,0
2,grovers_search,lightning.qubit,2,32,100,0.249999999999993,1.1020143032073975,1.1018798351287842,2.255029982,1,32,0
