repeat,ansatz,backend,qubits,depth,n_expval,last_expval,func_time,circuit_time,wall_time,n_nodes,n_cpus,n_gpus
2,grovers_search,lightning.kokkos,2,1,100,1.0,0.1029350757598877,0.10285425186157227,3.980123718,1,128,0
2,grovers_search,lightning.kokkos,2,2,100,0.2499999999999999,0.13016653060913086,0.13009047508239746,1.749146515,1,128,0
2,grovers_search,lightning.kokkos,2,4,100,0.9999999999999976,0.19559359550476074,0.19551944732666016,1.806609239,1,128,0
2,grovers_search,lightning.kokkos,2,8,100,0.24999999999999856,0.32595324516296387,0.32587552070617676,1.909684487,1,128,0
2,grovers_search,lightning.kokkos,2,16,100,0.9999999999999869,0.5809326171875,0.5808553695678711,1.953032440,1,128,0
2,grovers_search,lightning.kokkos,2,32,100,0.24999999999999323,1.1059744358062744,1.1058666706085205,2.228520308,1,128,0
