repeat,ansatz,backend,qubits,depth,n_expval,last_expval,func_time,circuit_time,wall_time,n_nodes,n_cpus,n_gpus
2,grovers_search,lightning.kokkos,2,1,100,1.0,0.09299921989440918,0.09292984008789062,1.262906898,1,16,0
2,grovers_search,lightning.kokkos,2,2,100,0.2499999999999999,0.12710022926330566,0.12703204154968262,1.223599467,1,16,0
2,grovers_search,lightning.kokkos,2,4,100,0.9999999999999976,0.19170022010803223,0.19163227081298828,1.261786721,1,16,0
2,grovers_search,lightning.kokkos,2,8,100,0.24999999999999856,0.32112932205200195,0.3210577964782715,1.423697693,1,16,0
2,grovers_search,lightning.kokkos,2,16,100,0.9999999999999869,0.5763266086578369,0.5762476921081543,1.678336806,1,16,0
2,grovers_search,lightning.kokkos,2,32,100,0.24999999999999323,1.1225342750549316,1.1224324703216553,2.179846539,1,16,0
