repeat,ansatz,backend,qubits,depth,n_expval,last_expval,func_time,circuit_time,wall_time,n_nodes,n_cpus,n_gpus
2,grovers_search,lightning.kokkos,2,1,100,1.0,0.09319806098937988,0.0931236743927002,1.216266112,1,32,0
2,grovers_search,lightning.kokkos,2,2,100,0.2499999999999999,0.12977290153503418,0.1296999454498291,1.324051519,1,32,0
2,grovers_search,lightning.kokkos,2,4,100,0.9999999999999976,0.19553089141845703,0.19545865058898926,1.257169680,1,32,0
2,grovers_search,lightning.kokkos,2,8,100,0.24999999999999856,0.3185770511627197,0.31850361824035645,1.382044333,1,32,0
2,grovers_search,lightning.kokkos,2,16,100,0.9999999999999869,0.5746462345123291,0.5745651721954346,1.675324741,1,32,0
2,grovers_search,lightning.kokkos,2,32,100,0.24999999999999323,1.088569164276123,1.0884873867034912,2.221189857,1,32,0
