repeat,ansatz,backend,qubits,depth,n_expval,last_expval,func_time,circuit_time,wall_time,n_nodes,n_cpus,n_gpus
2,grovers_search,lightning.qubit,2,1,100,0.9999999999999991,0.10286283493041992,0.10275149345397949,1.383933608,1,16,0
2,grovers_search,lightning.qubit,2,2,100,0.24999999999999967,0.13390445709228516,0.13379812240600586,1.230092606,1,16,0
2,grovers_search,lightning.qubit,2,4,100,0.9999999999999962,0.20119667053222656,0.20109081268310547,1.380802598,1,16,0
2,grovers_search,lightning.qubit,2,8,100,0.24999999999999833,0.35889697074890137,0.3587782382965088,1.461465856,1,16,0
2,grovers_search,lightning.qubit,2,16,100,0.9999999999999856,0.6441032886505127,0.6439735889434814,1.697429755,1,16,0
2,grovers_search,lightning.qubit,2,32,100,0.249999999999993,1.2016499042510986,1.2015197277069092,2.297597089,1,16,0
