repeat,ansatz,backend,qubits,depth,n_expval,last_expval,func_time,circuit_time,wall_time,n_nodes,n_cpus,n_gpus
2,grovers_search,lightning.qubit,2,1,100,0.9999999999999991,0.11623883247375488,0.11613106727600098,1.506459582,1,1,0
2,grovers_search,lightning.qubit,2,2,100,0.24999999999999967,0.15024113655090332,0.15014052391052246,1.325617652,1,1,0
2,grovers_search,lightning.qubit,2,4,100,0.9999999999999962,0.22580289840698242,0.22571277618408203,1.382546880,1,1,0
2,grovers_search,lightning.qubit,2,8,100,0.24999999999999833,0.37381529808044434,0.37370944023132324,1.604337654,1,1,0
2,grovers_search,lightning.qubit,2,16,100,0.9999999999999856,0.6546447277069092,0.6545357704162598,1.944993272,1,1,0
2,grovers_search,lightning.qubit,2,32,100,0.249999999999993,1.2336366176605225,1.2335188388824463,2.525194683,1,1,0
