repeat,ansatz,backend,qubits,depth,n_expval,last_expval,func_time,circuit_time,wall_time,n_nodes,n_cpus,n_gpus
3,grovers_search,lightning.qubit,2,1,100,0.9999999999999991,0.11252546310424805,0.11240816116333008,1.425950050,1,32,0
3,grovers_search,lightning.qubit,2,2,100,0.24999999999999967,0.14646220207214355,0.14634490013122559,1.233181769,1,32,0
3,grovers_search,lightning.qubit,2,4,100,0.9999999999999962,0.21926093101501465,0.21914458274841309,1.413770328,1,32,0
3,grovers_search,lightning.qubit,2,8,100,0.24999999999999833,0.36071062088012695,0.36058950424194336,1.508793828,1,32,0
3,grovers_search,lightning.qubit,2,16,100,0.9999999999999856,0.6412029266357422,0.6410701274871826,1.772269058,1,32,0
3,grovers_search,lightning.qubit,2,32,100,0.249999999999993,1.2175204753875732,1.217388391494751,2.331481686,1,32,0
